ID,Firstname,Lastname,Email,Phone
1,Fn_0,Ln_0,Fn_0.LN_0@example.com,(000)000-0000
2,Fn_1,Ln_1,Fn_1.LN_1@example.com,(000)000-0001
11,Fn_10,Ln_10,Fn_10.LN_10@example.com,(000)000-0010
12,Fn_11,Ln_11,Fn_11.LN_11@example.com,(000)000-0011
13,Fn_12,Ln_12,Fn_12.LN_12@example.com,(000)000-0012
14,Fn_13,Ln_13,Fn_13.LN_13@example.com,(000)000-0013
15,Fn_14,Ln_14,Fn_14.LN_14@example.com,(000)000-0014
3,Fn_2,Ln_2,Fn_2.LN_2@example.com,(000)000-0002
4,Fn_3,Ln_3,Fn_3.LN_3@example.com,(000)000-0003
5,Fn_4,Ln_4,Fn_4.LN_4@example.com,(000)000-0004
6,Fn_5,Ln_5,Fn_5.LN_5@example.com,(000)000-0005
7,Fn_6,Ln_6,Fn_6.LN_6@example.com,(000)000-0006
8,Fn_7,Ln_7,Fn_7.LN_7@example.com,(000)000-0007
9,Fn_8,Ln_8,Fn_8.LN_8@example.com,(000)000-0008
10,Fn_9,Ln_9,Fn_9.LN_9@example.com,(000)000-0009
